{"stats":{"minecraft:picked_up":{"minecraft:dirt":9},"minecraft:mined":{"minecraft:short_grass":6,"minecraft:tall_grass":1,"minecraft:grass_block":1},"minecraft:custom":{"minecraft:jump":279,"minecraft:time_since_rest":11343,"minecraft:play_time":11343,"minecraft:damage_dealt":86,"minecraft:crouch_one_cm":169,"minecraft:leave_game":2,"minecraft:sprint_one_cm":44555,"minecraft:time_since_death":11343,"minecraft:walk_one_cm":19359,"minecraft:sneak_time":78,"minecraft:total_world_time":11343,"minecraft:fall_one_cm":209,"minecraft:fly_one_cm":107064},"minecraft:used":{"minecraft:oak_leaves":1,"minecraft:dirt":2,"minecraft:end_crystal":2,"minecraft:obsidian":2}},"DataVersion":3839}