{"stats":{"minecraft:used":{"minecraft:enchanting_table":1,"minecraft:flint_and_steel":5,"minecraft:shield":4,"minecraft:cooked_chicken":6,"minecraft:torch":96,"minecraft:dirt":2,"minecraft:tuff":7,"minecraft:iron_helmet":1,"minecraft:furnace":6,"minecraft:cooked_beef":3,"minecraft:cobbled_deepslate":2,"minecraft:cooked_mutton":10,"minecraft:water_bucket":2,"minecraft:birch_planks":1,"minecraft:stone_pickaxe":48,"minecraft:birch_boat":3,"minecraft:crafting_table":2,"minecraft:white_bed":4,"minecraft:dripstone_block":1,"minecraft:smoker":1,"minecraft:bread":2,"minecraft:iron_pickaxe":143,"minecraft:gravel":1,"minecraft:stone_axe":101,"minecraft:diamond_sword":33,"minecraft:bucket":3,"minecraft:dandelion":1},"minecraft:mined":{"minecraft:diamond_ore":3,"minecraft:tuff":8,"minecraft:white_bed":2,"minecraft:deepslate_diamond_ore":29,"minecraft:mossy_stone_brick_slab":1,"minecraft:hay_block":1,"minecraft:furnace":1,"minecraft:iron_ore":19,"minecraft:fire":2,"minecraft:cobbled_deepslate":1,"minecraft:andesite":1,"minecraft:enchanting_table":1,"minecraft:pointed_dripstone":2,"minecraft:stone":36,"minecraft:deepslate_redstone_ore":2,"minecraft:smoker":1,"minecraft:dandelion":1,"minecraft:crafting_table":2,"minecraft:torch":1,"minecraft:short_grass":28,"minecraft:poppy":3,"minecraft:dead_bush":1,"minecraft:tall_grass":10,"minecraft:copper_ore":1,"minecraft:sugar_cane":2,"minecraft:diorite":1,"minecraft:wall_torch":2,"minecraft:birch_log":35,"minecraft:wheat":1,"minecraft:birch_leaves":6,"minecraft:coal_ore":33,"minecraft:gravel":1,"minecraft:dripstone_block":2,"minecraft:dirt":2,"minecraft:oak_leaves":5,"minecraft:deepslate":43},"minecraft:killed":{"minecraft:spider":1,"minecraft:chicken":2,"minecraft:pig":1,"minecraft:sheep":11,"minecraft:zombie":6,"minecraft:cow":4},"minecraft:custom":{"minecraft:mob_kills":27,"minecraft:interact_with_crafting_table":18,"minecraft:leave_game":1,"minecraft:time_since_death":115003,"minecraft:sprint_one_cm":202937,"minecraft:walk_one_cm":329387,"minecraft:damage_blocked_by_shield":149,"minecraft:drop":41,"minecraft:talked_to_villager":3,"minecraft:play_time":115003,"minecraft:sneak_time":51,"minecraft:walk_under_water_one_cm":43450,"minecraft:boat_one_cm":452587,"minecraft:jump":1341,"minecraft:walk_on_water_one_cm":26535,"minecraft:enchant_item":2,"minecraft:total_world_time":115003,"minecraft:interact_with_furnace":68,"minecraft:sleep_in_bed":5,"minecraft:time_since_rest":458,"minecraft:damage_taken":1323,"minecraft:damage_dealt":3088,"minecraft:swim_one_cm":15520,"minecraft:fly_one_cm":151463,"minecraft:open_chest":2,"minecraft:interact_with_smoker":5,"minecraft:fall_one_cm":41010},"minecraft:picked_up":{"minecraft:iron_chestplate":1,"minecraft:crafting_table":2,"minecraft:chicken":2,"minecraft:diamond_sword":2,"minecraft:pink_wool":1,"minecraft:shield":1,"minecraft:string":1,"minecraft:raw_copper":3,"minecraft:diamond_leggings":2,"minecraft:cobbled_deepslate":73,"minecraft:beef":6,"minecraft:poppy":3,"minecraft:iron_pickaxe":2,"minecraft:light_gray_wool":1,"minecraft:sugar_cane":4,"minecraft:birch_sapling":3,"minecraft:furnace":8,"minecraft:stick":7,"minecraft:raw_iron":69,"minecraft:torch":35,"minecraft:porkchop":2,"minecraft:pointed_dripstone":19,"minecraft:diorite":1,"minecraft:carrot":1,"minecraft:redstone":9,"minecraft:arrow":5,"minecraft:rotten_flesh":6,"minecraft:diamond_boots":2,"minecraft:hay_block":1,"minecraft:mutton":15,"minecraft:obsidian":1,"minecraft:iron_bars":1,"minecraft:white_wool":7,"minecraft:rail":1,"minecraft:cobblestone":43,"minecraft:birch_log":35,"minecraft:enchanting_table":1,"minecraft:feather":5,"minecraft:cooked_beef":1,"minecraft:glow_ink_sac":6,"minecraft:leather":3,"minecraft:smoker":2,"minecraft:potato":1,"minecraft:filled_map":3,"minecraft:birch_planks":54,"minecraft:flint":1,"minecraft:tuff":7,"minecraft:oak_log":2,"minecraft:lapis_lazuli":32,"minecraft:dirt":2,"minecraft:bone":6,"minecraft:wheat_seeds":5,"minecraft:raw_gold":1,"minecraft:iron_ingot":20,"minecraft:cooked_chicken":4,"minecraft:birch_boat":3,"minecraft:dandelion":1,"minecraft:dripstone_block":4,"minecraft:gravel":1,"minecraft:white_bed":5,"minecraft:spider_eye":1,"minecraft:diamond":29,"minecraft:iron_helmet":1,"minecraft:coal":51},"minecraft:dropped":{"minecraft:iron_ingot":15,"minecraft:wheat_seeds":5,"minecraft:lapis_lazuli":27,"minecraft:cooked_beef":10,"minecraft:glow_ink_sac":6,"minecraft:diamond":29,"minecraft:dripstone_block":3,"minecraft:diamond_leggings":1,"minecraft:feather":5,"minecraft:cobblestone":20,"minecraft:leather":3,"minecraft:diorite":1,"minecraft:wooden_axe":1,"minecraft:iron_pickaxe":2,"minecraft:white_wool":5,"minecraft:bone":5,"minecraft:raw_copper":3,"minecraft:birch_sapling":3,"minecraft:obsidian":1,"minecraft:pointed_dripstone":19,"minecraft:rotten_flesh":5,"minecraft:filled_map":2,"minecraft:diamond_sword":1,"minecraft:potato":1,"minecraft:pink_wool":1,"minecraft:diamond_boots":1,"minecraft:arrow":3,"minecraft:raw_gold":1},"minecraft:broken":{"minecraft:stone_axe":1},"minecraft:crafted":{"minecraft:cooked_chicken":4,"minecraft:furnace":3,"minecraft:cooked_mutton":10,"minecraft:flint_and_steel":1,"minecraft:stone_pickaxe":1,"minecraft:wheat":9,"minecraft:cooked_beef":15,"minecraft:crafting_table":1,"minecraft:bucket":1,"minecraft:birch_planks":76,"minecraft:stone_axe":1,"minecraft:bread":3,"minecraft:air":0,"minecraft:stick":28,"minecraft:iron_ingot":46,"minecraft:iron_pickaxe":1,"minecraft:wooden_axe":1,"minecraft:torch":64}},"DataVersion":3839}