{"stats":{"minecraft:killed_by":{"minecraft:creeper":1},"minecraft:used":{"minecraft:dirt":14},"minecraft:mined":{"minecraft:short_grass":1,"minecraft:grass_block":9,"minecraft:dirt":5},"minecraft:custom":{"minecraft:jump":40,"minecraft:time_since_rest":35900,"minecraft:deaths":1,"minecraft:play_time":55523,"minecraft:crouch_one_cm":789,"minecraft:leave_game":1,"minecraft:sprint_one_cm":3345,"minecraft:damage_taken":289,"minecraft:time_since_death":0,"minecraft:walk_one_cm":1633,"minecraft:sneak_time":421,"minecraft:total_world_time":55523,"minecraft:fall_one_cm":1427,"minecraft:fly_one_cm":8059},"minecraft:picked_up":{"minecraft:dirt":14}},"DataVersion":3839}