{"stats":{"minecraft:picked_up":{"minecraft:dirt":10},"minecraft:mined":{"minecraft:short_grass":1,"minecraft:grass_block":9,"minecraft:dirt":1},"minecraft:used":{"minecraft:dirt":10},"minecraft:custom":{"minecraft:jump":35,"minecraft:time_since_rest":1555,"minecraft:leave_game":1,"minecraft:crouch_one_cm":725,"minecraft:sprint_one_cm":3345,"minecraft:play_time":1555,"minecraft:damage_taken":25,"minecraft:time_since_death":1555,"minecraft:walk_one_cm":1165,"minecraft:sneak_time":245,"minecraft:total_world_time":1555,"minecraft:fall_one_cm":476,"minecraft:fly_one_cm":6917}},"DataVersion":3839}