{"stats":{"minecraft:killed_by":{"minecraft:creeper":1,"minecraft:enderman":1},"minecraft:used":{"minecraft:enchanting_table":1,"minecraft:iron_sword":89,"minecraft:cooked_chicken":2,"minecraft:dirt":58,"minecraft:wooden_axe":38,"minecraft:lava_bucket":1,"minecraft:grass_block":23,"minecraft:stone_bricks":1,"minecraft:furnace":5,"minecraft:cooked_beef":14,"minecraft:cobbled_deepslate":69,"minecraft:iron_leggings":1,"minecraft:pointed_dripstone":2,"minecraft:water_bucket":19,"minecraft:birch_boat":5,"minecraft:wooden_pickaxe":52,"minecraft:crafting_table":12,"minecraft:red_bed":3,"minecraft:white_bed":4,"minecraft:dripstone_block":2,"minecraft:diamond_pickaxe":360,"minecraft:apple":1,"minecraft:bread":6,"minecraft:iron_pickaxe":145,"minecraft:stone_axe":77,"minecraft:cobblestone":105,"minecraft:cooked_porkchop":9,"minecraft:bucket":22},"minecraft:mined":{"minecraft:tuff":16,"minecraft:white_bed":5,"minecraft:obsidian":17,"minecraft:grass_block":15,"minecraft:hay_block":14,"minecraft:furnace":10,"minecraft:fire":3,"minecraft:iron_ore":104,"minecraft:andesite":6,"minecraft:deepslate_lapis_ore":15,"minecraft:gold_block":2,"minecraft:enchanting_table":1,"minecraft:bell":1,"minecraft:pointed_dripstone":3,"minecraft:deepslate_iron_ore":31,"minecraft:rail":12,"minecraft:iron_bars":1,"minecraft:stone":109,"minecraft:deepslate_redstone_ore":24,"minecraft:red_bed":4,"minecraft:smoker":1,"minecraft:crafting_table":11,"minecraft:torch":2,"minecraft:short_grass":35,"minecraft:dead_bush":2,"minecraft:cobblestone":2,"minecraft:tall_grass":5,"minecraft:lapis_ore":13,"minecraft:deepslate_gold_ore":1,"minecraft:sugar_cane":7,"minecraft:birch_log":13,"minecraft:oak_log":10,"minecraft:coal_ore":27,"minecraft:dripstone_block":6,"minecraft:dirt":13,"minecraft:stone_bricks":1,"minecraft:gold_ore":3,"minecraft:oak_leaves":3,"minecraft:deepslate":114},"minecraft:killed":{"minecraft:armadillo":2,"minecraft:spider":1,"minecraft:skeleton":8,"minecraft:chicken":13,"minecraft:pig":8,"minecraft:iron_golem":1,"minecraft:sheep":15,"minecraft:zombie":7,"minecraft:enderman":1,"minecraft:cow":13},"minecraft:custom":{"minecraft:mob_kills":69,"minecraft:interact_with_crafting_table":33,"minecraft:leave_game":5,"minecraft:time_since_death":150593,"minecraft:sprint_one_cm":387645,"minecraft:walk_one_cm":184008,"minecraft:drop":72,"minecraft:talked_to_villager":1,"minecraft:play_time":208219,"minecraft:deaths":2,"minecraft:sneak_time":21735,"minecraft:walk_under_water_one_cm":24015,"minecraft:boat_one_cm":537906,"minecraft:jump":2393,"minecraft:walk_on_water_one_cm":25346,"minecraft:enchant_item":4,"minecraft:total_world_time":208219,"minecraft:interact_with_furnace":53,"minecraft:sleep_in_bed":5,"minecraft:time_since_rest":438,"minecraft:damage_taken":2498,"minecraft:damage_dealt":9911,"minecraft:swim_one_cm":71557,"minecraft:fly_one_cm":427998,"minecraft:open_chest":13,"minecraft:crouch_one_cm":60632,"minecraft:interact_with_smoker":4,"minecraft:fall_one_cm":65732},"minecraft:picked_up":{"minecraft:wooden_axe":1,"minecraft:crafting_table":11,"minecraft:chicken":13,"minecraft:diamond_sword":1,"minecraft:gold_block":1,"minecraft:red_bed":5,"minecraft:cobbled_deepslate":84,"minecraft:beef":22,"minecraft:sugar_cane":12,"minecraft:birch_sapling":12,"minecraft:furnace":9,"minecraft:stick":20,"minecraft:raw_iron":132,"minecraft:torch":2,"minecraft:porkchop":7,"minecraft:pointed_dripstone":24,"minecraft:redstone":112,"minecraft:arrow":2,"minecraft:rotten_flesh":1,"minecraft:diamond_boots":1,"minecraft:hay_block":14,"minecraft:iron_bars":1,"minecraft:rail":11,"minecraft:mutton":20,"minecraft:obsidian":16,"minecraft:cobblestone":132,"minecraft:white_wool":17,"minecraft:enchanting_table":1,"minecraft:birch_log":13,"minecraft:feather":11,"minecraft:cooked_beef":22,"minecraft:andesite":8,"minecraft:leather":14,"minecraft:smoker":1,"minecraft:filled_map":6,"minecraft:birch_planks":10,"minecraft:tuff":3,"minecraft:oak_log":10,"minecraft:lapis_lazuli":216,"minecraft:dirt":43,"minecraft:cooked_mutton":2,"minecraft:bone":7,"minecraft:apple":1,"minecraft:stone_bricks":1,"minecraft:kelp":4,"minecraft:wheat_seeds":13,"minecraft:raw_gold":4,"minecraft:bell":1,"minecraft:iron_ingot":19,"minecraft:cooked_porkchop":7,"minecraft:birch_boat":4,"minecraft:dripstone_block":10,"minecraft:gravel":9,"minecraft:white_bed":2,"minecraft:spider_eye":1,"minecraft:diamond":32,"minecraft:oak_sapling":2,"minecraft:melon_seeds":1,"minecraft:coal":40},"minecraft:dropped":{"minecraft:iron_ingot":18,"minecraft:wheat_seeds":13,"minecraft:lapis_lazuli":118,"minecraft:cooked_beef":1,"minecraft:dripstone_block":8,"minecraft:diamond_leggings":1,"minecraft:iron_helmet":1,"minecraft:cobblestone":6,"minecraft:coal":26,"minecraft:stick":23,"minecraft:dirt":1,"minecraft:red_bed":1,"minecraft:torch":30,"minecraft:iron_pickaxe":1,"minecraft:white_wool":9,"minecraft:redstone":103,"minecraft:bone":4,"minecraft:gravel":9,"minecraft:furnace":6,"minecraft:kelp":4,"minecraft:cooked_chicken":4,"minecraft:cobbled_deepslate":15,"minecraft:tuff":3,"minecraft:birch_sapling":12,"minecraft:pointed_dripstone":21,"minecraft:raw_iron":48,"minecraft:rotten_flesh":1,"minecraft:smoker":1,"minecraft:filled_map":7,"minecraft:diamond_sword":2,"minecraft:shield":1,"minecraft:iron_chestplate":1,"minecraft:andesite":4,"minecraft:melon_seeds":1,"minecraft:acacia_sapling":5,"minecraft:oak_sapling":2,"minecraft:spider_eye":1,"minecraft:diamond_boots":2,"minecraft:iron_bars":1,"minecraft:arrow":2},"minecraft:broken":{"minecraft:wooden_pickaxe":1,"minecraft:stone_axe":1,"minecraft:wooden_axe":1},"minecraft:crafted":{"minecraft:oak_planks":40,"minecraft:birch_boat":1,"minecraft:cooked_chicken":6,"minecraft:furnace":2,"minecraft:iron_boots":1,"minecraft:diamond_leggings":1,"minecraft:diamond_boots":1,"minecraft:cooked_beef":13,"minecraft:diamond_sword":1,"minecraft:cooked_porkchop":9,"minecraft:crafting_table":2,"minecraft:enchanting_table":1,"minecraft:wooden_pickaxe":1,"minecraft:iron_helmet":2,"minecraft:iron_sword":1,"minecraft:bucket":2,"minecraft:birch_planks":8,"minecraft:stone_axe":1,"minecraft:air":0,"minecraft:iron_chestplate":1,"minecraft:book":1,"minecraft:paper":3,"minecraft:diamond_pickaxe":1,"minecraft:shield":1,"minecraft:stick":20,"minecraft:iron_ingot":40,"minecraft:iron_pickaxe":1,"minecraft:iron_leggings":1,"minecraft:white_bed":2,"minecraft:torch":28,"minecraft:diamond_chestplate":1}},"DataVersion":3839}