{
  "minecraft:recipes/decorations/crafting_table": {
    "criteria": {
      "unlock_right_away": "2024-05-14 02:26:01 +0000"
    },
    "done": true
  },
  "minecraft:adventure/adventuring_time": {
    "criteria": {
      "minecraft:forest": "2024-05-14 02:26:02 +0000",
      "minecraft:plains": "2024-05-14 02:26:07 +0000"
    },
    "done": false
  },
  "minecraft:adventure/root": {
    "criteria": {
      "killed_by_something": "2024-05-14 02:47:08 +0000"
    },
    "done": true
  },
  "DataVersion": 3839
}